date,time,home,away,venue,league,umpire1,realumpire1,umpire2,realumpire2,observer,realobserver,off,moved,notes
19/04/2025,12:00,Burwell & Exning,Blunham,,Onyx 1,,,,,,,,,Pink Ball
19/04/2025,12:00,Cambridge Saint Giles,Foxton Granta,,Onyx 1,,,,,,,,,Pink Ball
19/04/2025,12:00,Eaton Socon,Histon,,Onyx 1,,,,,,,,,Pink Ball
19/04/2025,12:00,Ramsey,Old Leysians,,Onyx 1,,,,,,,,,Pink Ball
19/04/2025,12:00,Saffron Walden,Castor & Ailsworth,,Onyx 1,,,,,,,,,Pink Ball
19/04/2025,12:00,Wisbech Town,Sawston & Babraham II,,Onyx 1,,,,,,,,,Pink Ball
26/04/2025,12:00,Blunham,Wisbech Town,,Onyx 1,,,,,,,,,Pink Ball
26/04/2025,12:00,Burwell & Exning,Castor & Ailsworth,,Onyx 1,,,,,,,,,Pink Ball
26/04/2025,12:00,Cambridge Saint Giles,Eaton Socon,,Onyx 1,,,,,,,,,Pink Ball
26/04/2025,12:00,Old Leysians,Foxton Granta,Fitzwilliam College,Onyx 1,,,,,,,,,Pink Ball
26/04/2025,12:00,Ramsey,Histon,,Onyx 1,,,,,,,,,Pink Ball
26/04/2025,12:00,Sawston & Babraham II,Saffron Walden,,Onyx 1,,,,,,,,,Pink Ball
26/04/2025,12:00,Saffron Walden II,Cambridge NCI,,Onyx 2,,,,,,,,,Red Ball
26/04/2025,12:00,Foxton Granta II,Royston,,Onyx 3,,,,,,,,,Pink Ball
03/05/2025,12:00,Burwell & Exning,Old Leysians,,Onyx 1,,,,,,,,,Pink Ball
03/05/2025,12:00,Castor & Ailsworth,Blunham,,Onyx 1,,,,,,,,,Pink Ball
03/05/2025,12:00,Eaton Socon,Foxton Granta,,Onyx 1,,,,,,,,,Pink Ball
03/05/2025,12:00,Histon,Saffron Walden,,Onyx 1,,,,,,,,,Pink Ball
03/05/2025,12:00,Ramsey,Sawston & Babraham II,,Onyx 1,,,,,,,,,Pink Ball
03/05/2025,12:00,Wisbech Town,Cambridge Saint Giles,,Onyx 1,,,,,,,,,Pink Ball
03/05/2025,12:00,Godmanchester Town,Kimbolton,,Onyx 2,,,,,,,,,Pink Ball
03/05/2025,12:00,Newmarket,Cambridge NCI,,Onyx 2,,,,,,,,,Pink Ball
03/05/2025,12:00,Saffron Walden II,Biggleswade Town,,Onyx 2,,,,,,,,,Pink Ball
03/05/2025,12:00,Saint Ives & Warboys,Southill Park,,Onyx 2,,,,,,,,,Pink Ball
03/05/2025,12:00,Waresley,Upwood,,Onyx 2,,,,,,,,,Pink Ball
03/05/2025,12:00,Barnack,Royston,,Onyx 3,,,,,,,,,Red Ball
03/05/2025,12:00,Cambourne,City of Ely,,Onyx 3,,,,,,,,,Red Ball
03/05/2025,12:00,Foxton Granta II,Eaton Socon II,,Onyx 3,,,,,,,,,Red Ball
03/05/2025,12:00,LGR,Stamford Town,,Onyx 3,,,,,,,,,Red Ball
03/05/2025,12:00,March Town,Ufford Park,,Onyx 3,,,,,,,,,Red Ball
10/05/2025,12:00,Burwell & Exning,Wisbech Town,,Onyx 1,,,,,,,,,Pink Ball
10/05/2025,12:00,Cambridge Saint Giles,Blunham,,Onyx 1,,,,,,,,,Pink Ball
10/05/2025,12:00,Castor & Ailsworth,Old Leysians,,Onyx 1,,,,,,,,,Pink Ball
10/05/2025,12:00,Eaton Socon,Sawston & Babraham II,,Onyx 1,,,,,,,,,Pink Ball
10/05/2025,12:00,Foxton Granta,Histon,,Onyx 1,,,,,,,,,Pink Ball
10/05/2025,12:00,Saffron Walden,Ramsey,,Onyx 1,,,,,,,,,Pink Ball
10/05/2025,12:00,Biggleswade Town,Saint Ives & Warboys,,Onyx 2,,,,,,,,,Pink Ball
10/05/2025,12:00,Cambridge NCI,Waresley,,Onyx 2,,,,,,,,,Pink Ball
10/05/2025,12:00,Kimbolton,Newmarket,,Onyx 2,,,,,,,,,Pink Ball
10/05/2025,12:00,Southill Park,Saffron Walden II,,Onyx 2,,,,,,,,,Pink Ball
10/05/2025,12:00,Upwood,Godmanchester Town,,Onyx 2,,,,,,,,,Pink Ball
10/05/2025,12:00,Barnack,Foxton Granta II,,Onyx 3,,,,,,,,,Pink Ball
10/05/2025,12:00,City of Ely,Eaton Socon II,,Onyx 3,,,,,,,,,Pink Ball
10/05/2025,12:00,LGR,Ufford Park,,Onyx 3,,,,,,,,,Pink Ball
10/05/2025,12:00,Royston,Cambourne,,Onyx 3,,,,,,,,,Pink Ball
10/05/2025,12:00,Stamford Town,March Town,,Onyx 3,,,,,,,,,Pink Ball
17/05/2025,12:00,Blunham,Foxton Granta,,Onyx 1,,,,,,,,,Pink Ball
17/05/2025,12:00,Cambridge Saint Giles,Saffron Walden,,Onyx 1,,,,,,,,,Pink Ball
17/05/2025,12:00,Histon,Old Leysians,,Onyx 1,,,,,,,,,Pink Ball
17/05/2025,12:00,Ramsey,Burwell & Exning,,Onyx 1,,,,,,,,,Pink Ball
17/05/2025,12:00,Sawston & Babraham II,Castor & Ailsworth,,Onyx 1,,,,,,,,,Pink Ball
17/05/2025,12:00,Wisbech Town,Eaton Socon,,Onyx 1,,,,,,,,,Pink Ball
17/05/2025,12:00,Biggleswade Town,Newmarket,,Onyx 2,,,,,,,,,Pink Ball
17/05/2025,12:00,Godmanchester Town,Cambridge NCI,,Onyx 2,,,,,,,,,Pink Ball
17/05/2025,12:00,Saffron Walden II,Upwood,,Onyx 2,,,,,,,,,Pink Ball
17/05/2025,12:00,Saint Ives & Warboys,Kimbolton,,Onyx 2,,,,,,,,,Pink Ball
17/05/2025,12:00,Waresley,Southill Park,,Onyx 2,,,,,,,,,Pink Ball
17/05/2025,12:00,City of Ely,Stamford Town,,Onyx 3,,,,,,,,,Pink Ball
17/05/2025,12:00,Eaton Socon II,Barnack,,Onyx 3,,,,,,,,,Pink Ball
17/05/2025,12:00,Foxton Granta II,Cambourne,,Onyx 3,,,,,,,,,Pink Ball
17/05/2025,12:00,March Town,LGR,,Onyx 3,,,,,,,,,Pink Ball
17/05/2025,12:00,Ufford Park,Royston,,Onyx 3,,,,,,,,,Pink Ball
24/05/2025,11:00,Burwell & Exning,Sawston & Babraham II,,Onyx 1,,,,,,,,,Red Ball
24/05/2025,11:00,Eaton Socon,Castor & Ailsworth,,Onyx 1,,,,,,,,,Red Ball
24/05/2025,11:00,Foxton Granta,Ramsey,,Onyx 1,,,,,,,,,Red Ball
24/05/2025,11:00,Histon,Cambridge Saint Giles,,Onyx 1,,,,,,,,,Red Ball
24/05/2025,11:00,Old Leysians,Blunham,,Onyx 1,,,,,,,,,Red Ball
24/05/2025,11:00,Saffron Walden,Wisbech Town,,Onyx 1,,,,,,,,,Red Ball
24/05/2025,12:00,Cambridge NCI,Saffron Walden II,,Onyx 2,,,,,,,,,Pink Ball
24/05/2025,12:00,Kimbolton,Biggleswade Town,,Onyx 2,,,,,,,,,Pink Ball
24/05/2025,12:00,Southill Park,Godmanchester Town,,Onyx 2,,,,,,,,,Pink Ball
24/05/2025,12:00,Upwood,Newmarket,,Onyx 2,,,,,,,,,Pink Ball
24/05/2025,12:00,Waresley,Saint Ives & Warboys,,Onyx 2,,,,,,,,,Pink Ball
24/05/2025,12:00,Barnack,Cambourne,,Onyx 3,,,,,,,,,Pink Ball
24/05/2025,12:00,LGR,City of Ely,,Onyx 3,,,,,,,,,Pink Ball
24/05/2025,12:00,March Town,Royston,,Onyx 3,,,,,,,,,Pink Ball
24/05/2025,12:00,Stamford Town,Eaton Socon II,,Onyx 3,,,,,,,,,Pink Ball
24/05/2025,12:00,Ufford Park,Foxton Granta II,,Onyx 3,,,,,,,,,Pink Ball
31/05/2025,11:00,Blunham,Castor & Ailsworth,,Onyx 1,,,,,,,,,Red Ball
31/05/2025,11:00,Cambridge Saint Giles,Wisbech Town,,Onyx 1,,,,,,,,,Red Ball
31/05/2025,11:00,Foxton Granta,Eaton Socon,,Onyx 1,,,,,,,,,Red Ball
31/05/2025,11:00,Old Leysians,Burwell & Exning,,Onyx 1,,,,,,,,,Red Ball
31/05/2025,11:00,Saffron Walden,Histon,,Onyx 1,,,,,,,,,Red Ball
31/05/2025,11:00,Sawston & Babraham II,Ramsey,,Onyx 1,,,,,,,,,Red Ball
31/05/2025,12:00,Biggleswade Town,Cambridge NCI,,Onyx 2,,,,,,,,,Pink Ball
31/05/2025,12:00,Newmarket,Godmanchester Town,,Onyx 2,,,,,,,,,Pink Ball
31/05/2025,12:00,Saint Ives & Warboys,Upwood,,Onyx 2,,,,,,,,,Pink Ball
31/05/2025,12:00,Southill Park,Kimbolton,,Onyx 2,,,,,,,,,Pink Ball
31/05/2025,12:00,Waresley,Saffron Walden II,,Onyx 2,,,,,,,,,Pink Ball
31/05/2025,12:00,City of Ely,Cambourne,,Onyx 3,,,,,,,,,Pink Ball
31/05/2025,12:00,Eaton Socon II,Foxton Granta II,,Onyx 3,,,,,,,,,Pink Ball
31/05/2025,12:00,Royston,Barnack,,Onyx 3,,,,,,,,,Pink Ball
31/05/2025,12:00,Stamford Town,LGR,,Onyx 3,,,,,,,,,Pink Ball
31/05/2025,12:00,Ufford Park,March Town,,Onyx 3,,,,,,,,,Pink Ball
07/06/2025,11:00,Blunham,Sawston & Babraham II,,Onyx 1,,,,,,,,,Red Ball
07/06/2025,11:00,Burwell & Exning,Histon,,Onyx 1,,,,,,,,,Red Ball
07/06/2025,11:00,Castor & Ailsworth,Foxton Granta,,Onyx 1,,,,,,,,,Red Ball
07/06/2025,11:00,Eaton Socon,Saffron Walden,,Onyx 1,,,,,,,,,Red Ball
07/06/2025,11:00,Ramsey,Cambridge Saint Giles,,Onyx 1,,,,,,,,,Red Ball
07/06/2025,11:00,Wisbech Town,Old Leysians,,Onyx 1,,,,,,,,,Red Ball
07/06/2025,12:00,Cambridge NCI,Kimbolton,,Onyx 2,,,,,,,,,Red Ball
07/06/2025,12:00,Godmanchester Town,Biggleswade Town,,Onyx 2,,,,,,,,,Red Ball
07/06/2025,12:00,Newmarket,Waresley,,Onyx 2,,,,,,,,,Red Ball
07/06/2025,12:00,Saffron Walden II,Saint Ives & Warboys,,Onyx 2,,,,,,,,,Red Ball
07/06/2025,12:00,Southill Park,Upwood,,Onyx 2,,,,,,,,,Red Ball
07/06/2025,12:00,Barnack,March Town,,Onyx 3,,,,,,,,,Pink Ball
07/06/2025,12:00,Cambourne,LGR,,Onyx 3,,,,,,,,,Pink Ball
07/06/2025,12:00,Foxton Granta II,Stamford Town,,Onyx 3,,,,,,,,,Pink Ball
07/06/2025,12:00,Royston,Eaton Socon II,,Onyx 3,,,,,,,,,Pink Ball
07/06/2025,12:00,Ufford Park,City of Ely,,Onyx 3,,,,,,,,,Pink Ball
14/06/2025,11:00,Burwell & Exning,Foxton Granta,,Onyx 1,,,,,,,,,Red Ball
14/06/2025,11:00,Cambridge Saint Giles,Castor & Ailsworth,,Onyx 1,,,,,,,,,Red Ball
14/06/2025,11:00,Histon,Wisbech Town,,Onyx 1,,,,,,,,,Red Ball
14/06/2025,11:00,Ramsey,Eaton Socon,,Onyx 1,,,,,,,,,Red Ball
14/06/2025,11:00,Saffron Walden,Blunham,,Onyx 1,,,,,,,,,Red Ball
14/06/2025,11:00,Sawston & Babraham II,Old Leysians,,Onyx 1,,,,,,,,,Red Ball
14/06/2025,12:00,Cambridge NCI,Southill Park,,Onyx 2,,,,,,,,,Red Ball
14/06/2025,12:00,Kimbolton,Saffron Walden II,,Onyx 2,,,,,,,,,Red Ball
14/06/2025,12:00,Saint Ives & Warboys,Newmarket,,Onyx 2,,,,,,,,,Red Ball
14/06/2025,12:00,Upwood,Biggleswade Town,,Onyx 2,,,,,,,,,Red Ball
14/06/2025,12:00,Waresley,Godmanchester Town,,Onyx 2,,,,,,,,,Red Ball
14/06/2025,12:00,Cambourne,March Town,,Onyx 3,,,,,,,,,Red Ball
14/06/2025,12:00,Eaton Socon II,Ufford Park,,Onyx 3,,,,,,,,,Red Ball
14/06/2025,12:00,Foxton Granta II,City of Ely,,Onyx 3,,,,,,,,,Red Ball
14/06/2025,12:00,Royston,LGR,,Onyx 3,,,,,,,,,Red Ball
14/06/2025,12:00,Stamford Town,Barnack,,Onyx 3,,,,,,,,,Red Ball
21/06/2025,11:00,Castor & Ailsworth,Burwell & Exning,,Onyx 1,,,,,,,,,Red Ball
21/06/2025,11:00,Eaton Socon,Cambridge Saint Giles,,Onyx 1,,,,,,,,,Red Ball
21/06/2025,11:00,Foxton Granta,Old Leysians,,Onyx 1,,,,,,,,,Red Ball
21/06/2025,11:00,Histon,Ramsey,,Onyx 1,,,,,,,,,Red Ball
21/06/2025,11:00,Saffron Walden,Sawston & Babraham II,,Onyx 1,,,,,,,,,Red Ball
21/06/2025,11:00,Wisbech Town,Blunham,,Onyx 1,,,,,,,,,Red Ball
21/06/2025,12:00,Biggleswade Town,Waresley,,Onyx 2,,,,,,,,,Red Ball
21/06/2025,12:00,Godmanchester Town,Saffron Walden II,,Onyx 2,,,,,,,,,Red Ball
21/06/2025,12:00,Newmarket,Southill Park,,Onyx 2,,,,,,,,,Red Ball
21/06/2025,12:00,Saint Ives & Warboys,Cambridge NCI,,Onyx 2,,,,,,,,,Red Ball
21/06/2025,12:00,Upwood,Kimbolton,,Onyx 2,,,,,,,,,Red Ball
21/06/2025,12:00,City of Ely,Barnack,,Onyx 3,,,,,,,,,Red Ball
21/06/2025,12:00,LGR,Foxton Granta II,,Onyx 3,,,,,,,,,Red Ball
21/06/2025,12:00,March Town,Eaton Socon II,,Onyx 3,,,,,,,,,Red Ball
21/06/2025,12:00,Stamford Town,Royston,,Onyx 3,,,,,,,,,Red Ball
21/06/2025,12:00,Ufford Park,Cambourne,,Onyx 3,,,,,,,,,Red Ball
28/06/2025,11:00,Blunham,Eaton Socon,,Onyx 1,,,,,,,,,Red Ball
28/06/2025,11:00,Burwell & Exning,Saffron Walden,,Onyx 1,,,,,,,,,Red Ball
28/06/2025,11:00,Cambridge Saint Giles,Old Leysians,,Onyx 1,,,,,,,,,Red Ball
28/06/2025,11:00,Castor & Ailsworth,Histon,,Onyx 1,,,,,,,,,Red Ball
28/06/2025,11:00,Ramsey,Wisbech Town,,Onyx 1,,,,,,,,,Red Ball
28/06/2025,11:00,Sawston & Babraham II,Foxton Granta,,Onyx 1,,,,,,,,,Red Ball
28/06/2025,12:00,Biggleswade Town,Saffron Walden II,,Onyx 2,,,,,,,,,Red Ball
28/06/2025,12:00,Cambridge NCI,Newmarket,,Onyx 2,,,,,,,,,Red Ball
28/06/2025,12:00,Kimbolton,Godmanchester Town,,Onyx 2,,,,,,,,,Red Ball
28/06/2025,12:00,Southill Park,Saint Ives & Warboys,,Onyx 2,,,,,,,,,Red Ball
28/06/2025,12:00,Upwood,Waresley,,Onyx 2,,,,,,,,,Red Ball
28/06/2025,12:00,Cambourne,Barnack,,Onyx 3,,,,,,,,,Red Ball
28/06/2025,12:00,City of Ely,LGR,,Onyx 3,,,,,,,,,Red Ball
28/06/2025,12:00,Eaton Socon II,Stamford Town,,Onyx 3,,,,,,,,,Red Ball
28/06/2025,12:00,Foxton Granta II,Ufford Park,,Onyx 3,,,,,,,,,Red Ball
28/06/2025,12:00,Royston,March Town,,Onyx 3,,,,,,,,,Red Ball
05/07/2025,11:00,Blunham,Burwell & Exning,,Onyx 1,,,,,,,,,Red Ball
05/07/2025,11:00,Castor & Ailsworth,Saffron Walden,,Onyx 1,,,,,,,,,Red Ball
05/07/2025,11:00,Foxton Granta,Cambridge Saint Giles,,Onyx 1,,,,,,,,,Red Ball
05/07/2025,11:00,Histon,Eaton Socon,,Onyx 1,,,,,,,,,Red Ball
05/07/2025,11:00,Old Leysians,Ramsey,,Onyx 1,,,,,,,,,Red Ball
05/07/2025,11:00,Sawston & Babraham II,Wisbech Town,,Onyx 1,,,,,,,,,Red Ball
05/07/2025,12:00,Cambridge NCI,Upwood,,Onyx 2,,,,,,,,,Red Ball
05/07/2025,12:00,Saffron Walden II,Newmarket,,Onyx 2,,,,,,,,,Red Ball
05/07/2025,12:00,Saint Ives & Warboys,Godmanchester Town,,Onyx 2,,,,,,,,,Red Ball
05/07/2025,12:00,Southill Park,Biggleswade Town,,Onyx 2,,,,,,,,,Red Ball
05/07/2025,12:00,Waresley,Kimbolton,,Onyx 2,,,,,,,,,Red Ball
05/07/2025,12:00,Eaton Socon II,Cambourne,,Onyx 3,,,,,,,,,Red Ball
05/07/2025,12:00,LGR,Barnack,,Onyx 3,,,,,,,,,Red Ball
05/07/2025,12:00,March Town,City of Ely,,Onyx 3,,,,,,,,,Red Ball
05/07/2025,12:00,Royston,Foxton Granta II,,Onyx 3,,,,,,,,,Red Ball
05/07/2025,12:00,Stamford Town,Ufford Park,,Onyx 3,,,,,,,,,Red Ball
12/07/2025,11:00,Cambridge Saint Giles,Sawston & Babraham II,,Onyx 1,,,,,,,,,Red Ball
12/07/2025,11:00,Eaton Socon,Burwell & Exning,,Onyx 1,,,,,,,,,Red Ball
12/07/2025,11:00,Histon,Blunham,,Onyx 1,,,,,,,,,Red Ball
12/07/2025,11:00,Old Leysians,Saffron Walden,,Onyx 1,,,,,,,,,Red Ball
12/07/2025,11:00,Ramsey,Castor & Ailsworth,,Onyx 1,,,,,,,,,Red Ball
12/07/2025,11:00,Wisbech Town,Foxton Granta,,Onyx 1,,,,,,,,,Red Ball
12/07/2025,12:00,Godmanchester Town,Upwood,,Onyx 2,,,,,,,,,Red Ball
12/07/2025,12:00,Newmarket,Kimbolton,,Onyx 2,,,,,,,,,Red Ball
12/07/2025,12:00,Saffron Walden II,Southill Park,,Onyx 2,,,,,,,,,Red Ball
12/07/2025,12:00,Saint Ives & Warboys,Biggleswade Town,,Onyx 2,,,,,,,,,Red Ball
12/07/2025,12:00,Waresley,Cambridge NCI,,Onyx 2,,,,,,,,,Red Ball
12/07/2025,12:00,Barnack,Ufford Park,,Onyx 3,,,,,,,,,Red Ball
12/07/2025,12:00,Cambourne,Stamford Town,,Onyx 3,,,,,,,,,Red Ball
12/07/2025,12:00,Foxton Granta II,March Town,,Onyx 3,,,,,,,,,Red Ball
12/07/2025,12:00,LGR,Eaton Socon II,,Onyx 3,,,,,,,,,Red Ball
12/07/2025,12:00,Royston,City of Ely,,Onyx 3,,,,,,,,,Red Ball
19/07/2025,11:00,Blunham,Ramsey,,Onyx 1,,,,,,,,,Red Ball
19/07/2025,11:00,Burwell & Exning,Cambridge Saint Giles,,Onyx 1,,,,,,,,,Red Ball
19/07/2025,11:00,Castor & Ailsworth,Wisbech Town,,Onyx 1,,,,,,,,,Red Ball
19/07/2025,11:00,Foxton Granta,Saffron Walden,,Onyx 1,,,,,,,,,Red Ball
19/07/2025,11:00,Old Leysians,Eaton Socon,,Onyx 1,,,,,,,,,Red Ball
19/07/2025,11:00,Sawston & Babraham II,Histon,,Onyx 1,,,,,,,,,Red Ball
19/07/2025,12:00,Cambridge NCI,Biggleswade Town,,Onyx 2,,,,,,,,,Red Ball
19/07/2025,12:00,Godmanchester Town,Newmarket,,Onyx 2,,,,,,,,,Red Ball
19/07/2025,12:00,Kimbolton,Southill Park,,Onyx 2,,,,,,,,,Red Ball
19/07/2025,12:00,Saffron Walden II,Waresley,,Onyx 2,,,,,,,,,Red Ball
19/07/2025,12:00,Upwood,Saint Ives & Warboys,,Onyx 2,,,,,,,,,Red Ball
19/07/2025,12:00,City of Ely,Ufford Park,,Onyx 3,,,,,,,,,Red Ball
19/07/2025,12:00,Eaton Socon II,Royston,,Onyx 3,,,,,,,,,Red Ball
19/07/2025,12:00,LGR,Cambourne,,Onyx 3,,,,,,,,,Red Ball
19/07/2025,12:00,March Town,Barnack,,Onyx 3,,,,,,,,,Red Ball
19/07/2025,12:00,Stamford Town,Foxton Granta II,,Onyx 3,,,,,,,,,Red Ball
26/07/2025,11:00,Blunham,Cambridge Saint Giles,,Onyx 1,,,,,,,,,Red Ball
26/07/2025,11:00,Histon,Foxton Granta,,Onyx 1,,,,,,,,,Red Ball
26/07/2025,11:00,Old Leysians,Castor & Ailsworth,,Onyx 1,,,,,,,,,Red Ball
26/07/2025,11:00,Ramsey,Saffron Walden,,Onyx 1,,,,,,,,,Red Ball
26/07/2025,11:00,Sawston & Babraham II,Eaton Socon,,Onyx 1,,,,,,,,,Red Ball
26/07/2025,11:00,Wisbech Town,Burwell & Exning,,Onyx 1,,,,,,,,,Red Ball
26/07/2025,12:00,Biggleswade Town,Kimbolton,,Onyx 2,,,,,,,,,Red Ball
26/07/2025,12:00,Godmanchester Town,Southill Park,,Onyx 2,,,,,,,,,Red Ball
26/07/2025,12:00,Newmarket,Upwood,,Onyx 2,,,,,,,,,Red Ball
26/07/2025,12:00,Saint Ives & Warboys,Waresley,,Onyx 2,,,,,,,,,Red Ball
26/07/2025,12:00,Cambourne,Royston,,Onyx 3,,,,,,,,,Red Ball
26/07/2025,12:00,Eaton Socon II,City of Ely,,Onyx 3,,,,,,,,,Red Ball
26/07/2025,12:00,Foxton Granta II,Barnack,,Onyx 3,,,,,,,,,Red Ball
26/07/2025,12:00,March Town,Stamford Town,,Onyx 3,,,,,,,,,Red Ball
26/07/2025,12:00,Ufford Park,LGR,,Onyx 3,,,,,,,,,Red Ball
02/08/2025,11:00,Burwell & Exning,Ramsey,,Onyx 1,,,,,,,,,Red Ball
02/08/2025,11:00,Castor & Ailsworth,Sawston & Babraham II,,Onyx 1,,,,,,,,,Red Ball
02/08/2025,11:00,Eaton Socon,Wisbech Town,,Onyx 1,,,,,,,,,Red Ball
02/08/2025,11:00,Foxton Granta,Blunham,,Onyx 1,,,,,,,,,Red Ball
02/08/2025,11:00,Old Leysians,Histon,,Onyx 1,,,,,,,,,Red Ball
02/08/2025,11:00,Saffron Walden,Cambridge Saint Giles,,Onyx 1,,,,,,,,,Red Ball
02/08/2025,12:00,Cambridge NCI,Godmanchester Town,,Onyx 2,,,,,,,,,Red Ball
02/08/2025,12:00,Kimbolton,Saint Ives & Warboys,,Onyx 2,,,,,,,,,Red Ball
02/08/2025,12:00,Newmarket,Biggleswade Town,,Onyx 2,,,,,,,,,Red Ball
02/08/2025,12:00,Southill Park,Waresley,,Onyx 2,,,,,,,,,Red Ball
02/08/2025,12:00,Upwood,Saffron Walden II,,Onyx 2,,,,,,,,,Red Ball
02/08/2025,12:00,Barnack,Eaton Socon II,,Onyx 3,,,,,,,,,Red Ball
02/08/2025,12:00,Cambourne,Foxton Granta II,,Onyx 3,,,,,,,,,Red Ball
02/08/2025,12:00,LGR,March Town,,Onyx 3,,,,,,,,,Red Ball
02/08/2025,12:00,Royston,Ufford Park,,Onyx 3,,,,,,,,,Red Ball
02/08/2025,12:00,Stamford Town,City of Ely,,Onyx 3,,,,,,,,,Red Ball
09/08/2025,12:00,Cambridge Saint Giles,Ramsey,,Onyx 1,,,,,,,,,Pink Ball
09/08/2025,12:00,Foxton Granta,Castor & Ailsworth,,Onyx 1,,,,,,,,,Pink Ball
09/08/2025,12:00,Histon,Burwell & Exning,,Onyx 1,,,,,,,,,Pink Ball
09/08/2025,12:00,Old Leysians,Wisbech Town,,Onyx 1,,,,,,,,,Pink Ball
09/08/2025,12:00,Saffron Walden,Eaton Socon,,Onyx 1,,,,,,,,,Pink Ball
09/08/2025,12:00,Sawston & Babraham II,Blunham,,Onyx 1,,,,,,,,,Pink Ball
09/08/2025,12:00,Biggleswade Town,Godmanchester Town,,Onyx 2,,,,,,,,,Pink Ball
09/08/2025,12:00,Kimbolton,Cambridge NCI,,Onyx 2,,,,,,,,,Pink Ball
09/08/2025,12:00,Saint Ives & Warboys,Saffron Walden II,,Onyx 2,,,,,,,,,Pink Ball
09/08/2025,12:00,Upwood,Southill Park,,Onyx 2,,,,,,,,,Pink Ball
09/08/2025,12:00,Waresley,Newmarket,,Onyx 2,,,,,,,,,Pink Ball
09/08/2025,12:00,City of Ely,Royston,,Onyx 3,,,,,,,,,Pink Ball
09/08/2025,12:00,Eaton Socon II,LGR,,Onyx 3,,,,,,,,,Pink Ball
09/08/2025,12:00,March Town,Foxton Granta II,,Onyx 3,,,,,,,,,Pink Ball
09/08/2025,12:00,Stamford Town,Cambourne,,Onyx 3,,,,,,,,,Pink Ball
09/08/2025,12:00,Ufford Park,Barnack,,Onyx 3,,,,,,,,,Pick Ball
16/08/2025,12:00,Blunham,Saffron Walden,,Onyx 1,,,,,,,,,Pink Ball
16/08/2025,12:00,Castor & Ailsworth,Cambridge Saint Giles,,Onyx 1,,,,,,,,,Pink Ball
16/08/2025,12:00,Eaton Socon,Ramsey,,Onyx 1,,,,,,,,,Pink Ball
16/08/2025,12:00,Foxton Granta,Burwell & Exning,,Onyx 1,,,,,,,,,Pink Ball
16/08/2025,12:00,Old Leysians,Sawston & Babraham II,Fitzwilliam College tbc,Onyx 1,,,,,,,,,Pink Ball
16/08/2025,12:00,Wisbech Town,Histon,,Onyx 1,,,,,,,,,Pink Ball
16/08/2025,12:00,Biggleswade Town,Upwood,,Onyx 2,,,,,,,,,Pink Ball
16/08/2025,12:00,Godmanchester Town,Waresley,,Onyx 2,,,,,,,,,Pink Ball
16/08/2025,12:00,Newmarket,Saint Ives & Warboys,,Onyx 2,,,,,,,,,Pink Ball
16/08/2025,12:00,Saffron Walden II,Kimbolton,,Onyx 2,,,,,,,,,Pink Ball
16/08/2025,12:00,Southill Park,Cambridge NCI,,Onyx 2,,,,,,,,,Pink Ball
16/08/2025,12:00,Barnack,Stamford Town,,Onyx 3,,,,,,,,,Pink Ball
16/08/2025,12:00,City of Ely,Foxton Granta II,,Onyx 3,,,,,,,,,Pink Ball
16/08/2025,12:00,LGR,Royston,,Onyx 3,,,,,,,,,Pink Ball
16/08/2025,12:00,March Town,Cambourne,,Onyx 3,,,,,,,,,Pink Ball
16/08/2025,12:00,Ufford Park,Eaton Socon II,,Onyx 3,,,,,,,,,Pink Ball
23/08/2025,12:00,Blunham,Old Leysians,,Onyx 1,,,,,,,,,Pink Ball
23/08/2025,12:00,Cambridge Saint Giles,Histon,,Onyx 1,,,,,,,,,Pink Ball
23/08/2025,12:00,Castor & Ailsworth,Eaton Socon,,Onyx 1,,,,,,,,,Pink Ball
23/08/2025,12:00,Ramsey,Foxton Granta,,Onyx 1,,,,,,,,,Pink Ball
23/08/2025,12:00,Sawston & Babraham II,Burwell & Exning,,Onyx 1,,,,,,,,,Pink Ball
23/08/2025,12:00,Wisbech Town,Saffron Walden,,Onyx 1,,,,,,,,,Pink Ball
23/08/2025,12:00,Cambridge NCI,Saint Ives & Warboys,,Onyx 2,,,,,,,,,Pink Ball
23/08/2025,12:00,Kimbolton,Upwood,,Onyx 2,,,,,,,,,Pink Ball
23/08/2025,12:00,Saffron Walden II,Godmanchester Town,,Onyx 2,,,,,,,,,Pink Ball
23/08/2025,12:00,Southill Park,Newmarket,,Onyx 2,,,,,,,,,Pink Ball
23/08/2025,12:00,Waresley,Biggleswade Town,,Onyx 2,,,,,,,,,Pink Ball
23/08/2025,12:00,Barnack,City of Ely,,Onyx 3,,,,,,,,,Pink Ball
23/08/2025,12:00,Cambourne,Ufford Park,,Onyx 3,,,,,,,,,Pink Ball
23/08/2025,12:00,Eaton Socon II,March Town,,Onyx 3,,,,,,,,,Pink Ball
23/08/2025,12:00,Foxton Granta II,LGR,,Onyx 3,,,,,,,,,Pink Ball
23/08/2025,12:00,Royston,Stamford Town,,Onyx 3,,,,,,,,,Pink Ball
30/08/2025,12:00,Eaton Socon,Blunham,,Onyx 1,,,,,,,,,Pink Ball
30/08/2025,12:00,Foxton Granta,Sawston & Babraham II,,Onyx 1,,,,,,,,,Pink Ball
30/08/2025,12:00,Histon,Castor & Ailsworth,,Onyx 1,,,,,,,,,Pink Ball
30/08/2025,12:00,Saffron Walden,Burwell & Exning,,Onyx 1,,,,,,,,,Pink Ball
30/08/2025,12:00,Wisbech Town,Ramsey,,Onyx 1,,,,,,,,,Pink Ball
30/08/2025,12:00,Biggleswade Town,Southill Park,,Onyx 2,,,,,,,,,Pink Ball
30/08/2025,12:00,Godmanchester Town,Saint Ives & Warboys,,Onyx 2,,,,,,,,,Pink Ball
30/08/2025,12:00,Kimbolton,Waresley,,Onyx 2,,,,,,,,,Pink Ball
30/08/2025,12:00,Newmarket,Saffron Walden II,,Onyx 2,,,,,,,,,Pink Ball
30/08/2025,12:00,Upwood,Cambridge NCI,,Onyx 2,,,,,,,,,Pink Ball
30/08/2025,12:00,Barnack,LGR,,Onyx 3,,,,,,,,,Pink Ball
30/08/2025,12:00,Cambourne,Eaton Socon II,,Onyx 3,,,,,,,,,Pink Ball
30/08/2025,12:00,City of Ely,March Town,,Onyx 3,,,,,,,,,Pink Ball
30/08/2025,12:00,Ufford Park,Stamford Town,,Onyx 3,,,,,,,,,Pink Ball
31/08/2025,12:00,Old Leysians,Cambridge Saint Giles,Caldecote,Onyx 1,,,,,,,,,Pink Ball
06/09/2025,11:00,Blunham,Histon,,Onyx 1,,,,,,,,,Pink Ball
06/09/2025,11:00,Burwell & Exning,Eaton Socon,,Onyx 1,,,,,,,,,Pink Ball
06/09/2025,11:00,Castor & Ailsworth,Ramsey,,Onyx 1,,,,,,,,,Pink Ball
06/09/2025,11:00,Foxton Granta,Wisbech Town,,Onyx 1,,,,,,,,,Pink Ball
06/09/2025,11:00,Saffron Walden,Old Leysians,,Onyx 1,,,,,,,,,Pink Ball
06/09/2025,11:00,Sawston & Babraham II,Cambridge Saint Giles,,Onyx 1,,,,,,,,,Pink Ball
06/09/2025,11:00,3rd/4th Bottom Division 2,Runners-up Division 3,,Onyx Play-off,,,,,,,,,
13/09/2025,11:00,Cambridge Saint Giles,Burwell & Exning,,Onyx 1,,,,,,,,,Pink Ball
13/09/2025,11:00,Eaton Socon,Old Leysians,,Onyx 1,,,,,,,,,Pink Ball
13/09/2025,11:00,Histon,Sawston & Babraham II,,Onyx 1,,,,,,,,,Pink Ball
13/09/2025,11:00,Ramsey,Blunham,,Onyx 1,,,,,,,,,Pink Ball
13/09/2025,11:00,Saffron Walden,Foxton Granta,,Onyx 1,,,,,,,,,Pink Ball
13/09/2025,11:00,Wisbech Town,Castor & Ailsworth,,Onyx 1,,,,,,,,,Pink Ball
14/09/2025,11:00,3rd/4th Bottom Division 1,Runners-up Division 2,,Onyx Play-off,,,,,,,,,